,name,disaster,total_cpi_adjusted_cost_by_millions,deaths,begin_year,begin_month,begin_day,end_year,end_month,end_day,begin_date,end_date
0,Southern Severe Storms and Flooding ,Flooding,2551,7,1980,04,10,1980,04,17,1980-04-10,1980-04-17
1,Hurricane Allen ,Tropical Cyclone,2071,13,1980,08,07,1980,08,11,1980-08-07,1980-08-11
2,Central/Eastern Drought/Heat Wave ,Drought,37675,1260,1980,06,01,1980,11,30,1980-06-01,1980-11-30
3,Florida Freeze ,Freeze,1922,0,1981,01,12,1981,01,14,1981-01-12,1981-01-14
4,"Severe Storms, Flash Floods, Hail, Tornadoes ",Severe Storm,1305,20,1981,05,05,1981,05,10,1981-05-05,1981-05-10
5,"Midwest/Southeast/Northeast Winter Storm, Cold Wave ",Winter Storm,2052,85,1982,01,08,1982,01,16,1982-01-08,1982-01-16
6,Midwest/Plains/Southeast Tornadoes ,Severe Storm,1488,33,1982,04,02,1982,04,04,1982-04-02,1982-04-04
7,Severe Storms ,Severe Storm,1464,30,1982,05,31,1982,06,10,1982-05-31,1982-06-10
8,Gulf States Storms and Flooding ,Flooding,4578,45,1982,12,01,1983,01,15,1982-12-01,1983-01-15
9,Western Storms and Flooding ,Flooding,4469,50,1982,12,13,1983,03,31,1982-12-13,1983-03-31
10,Hurricane Alicia ,Tropical Cyclone,8760,21,1983,08,17,1983,08,20,1983-08-17,1983-08-20
11,Southeast Drought ,Drought,8863,0,1983,06,01,1983,08,31,1983-06-01,1983-08-31
12,Freeze / Cold Wave ,Freeze,5998,151,1983,12,15,1983,12,25,1983-12-15,1983-12-25
13,"Tornadoes, Severe Storms, Floods ",Severe Storm,1719,80,1984,03,27,1984,04,07,1984-03-27,1984-04-07
14,Severe Storms and Hail ,Severe Storm,1258,1,1984,06,13,1984,06,17,1984-06-13,1984-06-17
15,"Winter Storm, Cold Wave ",Winter Storm,2319,150,1985,01,19,1985,01,22,1985-01-19,1985-01-22
16,Florida Freeze ,Freeze,3324,0,1985,01,20,1985,01,22,1985-01-20,1985-01-22
17,Ohio and Pennsylvania Tornado Outbreak ,Severe Storm,1632,89,1985,05,31,1985,05,31,1985-05-31,1985-05-31
18,Hurricane Elena ,Tropical Cyclone,3516,4,1985,08,30,1985,09,03,1985-08-30,1985-09-03
19,Hurricane Gloria ,Tropical Cyclone,2312,11,1985,09,26,1985,09,28,1985-09-26,1985-09-28
20,Hurricane Juan ,Tropical Cyclone,4026,63,1985,10,27,1985,10,31,1985-10-27,1985-10-31
21,"Virginia, West Virginia, Pennsylvania and Maryland Flooding ",Flooding,3752,62,1985,11,03,1985,11,08,1985-11-03,1985-11-08
22,Western Severe Storms and Flooding ,Severe Storm,1415,13,1986,02,14,1986,02,16,1986-02-14,1986-02-16
23,Southeast Drought/Heat Wave ,Drought,4816,100,1986,06,01,1986,08,31,1986-06-01,1986-08-31
24,U.S. Drought/Heat Wave ,Drought,50610,454,1988,06,01,1988,08,31,1988-06-01,1988-08-31
25,Southern Derecho and Severe Storms ,Severe Storm,1302,21,1989,05,01,1989,05,06,1989-05-01,1989-05-06
26,Tropical Storm Allison ,Tropical Cyclone,1381,11,1989,06,26,1989,06,28,1989-06-26,1989-06-28
27,Hurricane Hugo ,Tropical Cyclone,21060,86,1989,09,21,1989,09,22,1989-09-21,1989-09-22
28,Northern Plains Drought ,Drought,7238,0,1989,06,01,1989,11,30,1989-06-01,1989-11-30
29,Florida Freeze ,Freeze,4820,10,1989,12,23,1989,12,25,1989-12-23,1989-12-25
30,"Winter Storm, Cold Wave ",Winter Storm,1578,100,1989,12,21,1989,12,26,1989-12-21,1989-12-26
31,Southern Flooding ,Flooding,2276,13,1990,05,11,1990,05,19,1990-05-11,1990-05-19
32,Colorado Hail Storm ,Severe Storm,1837,0,1990,07,11,1990,07,11,1990-07-11,1990-07-11
33,Western Fire Season ,Wildfire,1587,17,1990,06,01,1990,08,31,1990-06-01,1990-08-31
34,California Freeze ,Freeze,7786,0,1990,12,18,1990,12,25,1990-12-18,1990-12-25
35,"Severe Storms, Tornadoes ",Severe Storm,1400,0,1991,03,26,1991,03,29,1991-03-26,1991-03-29
36,Hurricane Bob ,Tropical Cyclone,3216,18,1991,08,18,1991,08,20,1991-08-18,1991-08-20
37,U.S. Drought ,Drought,6528,0,1991,03,01,1991,08,31,1991-03-01,1991-08-31
38,Oakland Firestorm ,Wildfire,7029,25,1991,10,01,1991,10,31,1991-10-01,1991-10-31
39,Severe Storms ,Severe Storm,1689,0,1992,03,24,1992,03,25,1992-03-24,1992-03-25
40,"Hail, Tornadoes ",Severe Storm,2004,0,1992,04,28,1992,04,29,1992-04-28,1992-04-29
41,"Severe Storms, Hail ",Severe Storm,1556,0,1992,06,19,1992,06,20,1992-06-19,1992-06-20
42,Hurricane Andrew ,Tropical Cyclone,55890,61,1992,08,23,1992,08,27,1992-08-23,1992-08-27
43,Hurricane Iniki ,Tropical Cyclone,6417,7,1992,09,11,1992,09,12,1992-09-11,1992-09-12
44,Southeast Severe Weather ,Severe Storm,1353,26,1992,11,21,1992,11,23,1992-11-21,1992-11-23
45,Northeast Winter Storm ,Winter Storm,5115,19,1992,12,10,1992,12,13,1992-12-10,1992-12-13
46,East Coast Blizzard and Severe Weather ,Winter Storm,11275,270,1993,03,11,1993,03,14,1993-03-11,1993-03-14
47,Northern Plains and Ohio Valley Severe Weather ,Severe Storm,1301,1,1993,07,08,1993,07,10,1993-07-08,1993-07-10
48,Midwest Flooding ,Flooding,42970,48,1993,06,27,1993,08,15,1993-06-27,1993-08-15
49,Southeast Drought and Heat Wave ,Drought,2579,16,1993,06,01,1993,08,31,1993-06-01,1993-08-31
50,California Wildfires ,Wildfire,2757,4,1993,09,01,1993,11,30,1993-09-01,1993-11-30
51,"Winter Storm, Cold Wave ",Winter Storm,2080,70,1994,01,17,1994,01,20,1994-01-17,1994-01-20
52,Southeast Ice Storm ,Winter Storm,5965,9,1994,02,08,1994,02,13,1994-02-08,1994-02-13
53,Midwest/Plains Tornadoes ,Severe Storm,1950,3,1994,04,25,1994,04,27,1994-04-25,1994-04-27
54,Tropical Storm Alberto ,Tropical Cyclone,1967,32,1994,07,07,1994,07,10,1994-07-07,1994-07-10
55,Texas Flooding ,Flooding,1960,19,1994,10,16,1994,10,25,1994-10-16,1994-10-25
56,Western Fire Season ,Wildfire,1428,0,1994,06,01,1994,11,30,1994-06-01,1994-11-30
57,California Flooding ,Flooding,4850,27,1995,01,01,1995,03,31,1995-01-01,1995-03-31
58,Texas Hail Storm ,Severe Storm,1104,0,1995,04,28,1995,04,28,1995-04-28,1995-04-28
59,South Plains Severe Weather ,Severe Storm,10534,32,1995,05,05,1995,05,07,1995-05-05,1995-05-07
60,Hurricane Erin ,Tropical Cyclone,1624,6,1995,08,01,1995,08,07,1995-08-01,1995-08-07
61,Hurricane Marilyn ,Tropical Cyclone,4011,13,1995,09,15,1995,09,17,1995-09-15,1995-09-17
62,"Central, Southern and Northeast Drought/Heat Wave ",Drought,1880,872,1995,07,01,1995,09,30,1995-07-01,1995-09-30
63,Hurricane Opal ,Tropical Cyclone,8909,27,1995,10,04,1995,10,06,1995-10-04,1995-10-06
64,Blizzard/Floods ,Winter Storm,5676,187,1996,01,01,1996,01,31,1996-01-01,1996-01-31
65,Pacific Northwest Severe Flooding ,Flooding,1906,9,1996,02,07,1996,02,12,1996-02-07,1996-02-12
66,Southern Plains Drought ,Drought,3386,0,1996,03,01,1996,08,31,1996-03-01,1996-08-31
67,Hurricane Fran ,Tropical Cyclone,9263,37,1996,09,05,1996,09,08,1996-09-05,1996-09-08
68,West Coast Flooding ,Flooding,5551,36,1997,01,01,1997,01,11,1997-01-01,1997-01-11
69,Mississippi and Ohio Valley Severe Weather and Flooding ,Severe Storm,1789,67,1997,02,28,1997,03,05,1997-02-28,1997-03-05
70,Northern Plains Flooding ,Flooding,6728,11,1997,02,03,1997,05,24,1997-02-03,1997-05-24
71,Northeast Ice Storm ,Winter Storm,2537,16,1998,01,05,1998,01,09,1998-01-05,1998-01-09
72,Western/Eastern Severe Weather and Flooding ,Severe Storm,1818,132,1997,12,01,1998,02,28,1997-12-01,1998-02-28
73,Minnesota Severe Storms/Hail ,Severe Storm,2936,1,1998,05,15,1998,05,15,1998-05-15,1998-05-15
74,"Northern Plains and Great Lakes Derecho, Tornadoes ",Severe Storm,2050,20,1998,05,30,1998,06,02,1998-05-30,1998-06-02
75,Tropical Storm Frances ,Tropical Cyclone,1253,2,1998,08,08,1998,08,13,1998-08-08,1998-08-13
76,Hurricane Bonnie ,Tropical Cyclone,1754,3,1998,08,27,1998,08,29,1998-08-27,1998-08-29
77,Southern Drought and Heat Wave ,Drought,6386,200,1998,06,01,1998,08,31,1998-06-01,1998-08-31
78,Hurricane Georges ,Tropical Cyclone,10712,16,1998,09,20,1998,09,29,1998-09-20,1998-09-29
79,Texas Flooding ,Flooding,1677,31,1998,10,16,1998,10,24,1998-10-16,1998-10-24
80,California Freeze ,Freeze,4525,0,1998,12,20,1998,12,28,1998-12-20,1998-12-28
81,Central and Eastern Winter Storm ,Winter Storm,1838,25,1999,01,01,1999,01,04,1999-01-01,1999-01-04
82,Central and Eastern Winter Storm ,Winter Storm,1570,0,1999,01,13,1999,01,16,1999-01-13,1999-01-16
83,Oklahoma and Kansas Tornadoes ,Severe Storm,3541,55,1999,05,03,1999,05,06,1999-05-03,1999-05-06
84,Eastern Drought/Heat Wave ,Drought,4448,502,1999,06,01,1999,08,31,1999-06-01,1999-08-31
85,Hurricane Floyd ,Tropical Cyclone,11294,77,1999,09,14,1999,09,16,1999-09-14,1999-09-16
86,Southeast Winter Storm ,Winter Storm,1222,4,2000,01,21,2000,01,24,2000-01-21,2000-01-24
87,Southern Severe Weather ,Severe Storm,1180,0,2000,03,28,2000,03,29,2000-03-28,2000-03-29
88,Western Fire Season ,Wildfire,1838,0,2000,03,01,2000,08,31,2000-03-01,2000-08-31
89,South Florida Flooding ,Flooding,1512,3,2000,10,03,2000,10,04,2000-10-03,2000-10-04
90,Western/Central/Southeast Drought/Heat Wave ,Drought,8645,140,2000,03,01,2000,11,30,2000-03-01,2000-11-30
91,Midwest/Ohio Valley Hail and Tornadoes ,Severe Storm,5106,3,2001,04,06,2001,04,11,2001-04-06,2001-04-11
92,North Central Severe Weather ,Severe Storm,1107,0,2001,04,30,2001,05,01,2001-04-30,2001-05-01
93,Tropical Storm Allison ,Tropical Cyclone,13976,43,2001,06,05,2001,06,17,2001-06-05,2001-06-17
94,Severe Storms and Tornadoes ,Severe Storm,3413,7,2002,04,27,2002,04,28,2002-04-27,2002-04-28
95,Hurricane Lili ,Tropical Cyclone,1789,2,2002,08,01,2002,08,05,2002-08-01,2002-08-05
96,Tropical Storm Isidore ,Tropical Cyclone,1852,5,2002,09,25,2002,09,27,2002-09-25,2002-09-27
97,Eastern Tornadoes and Severe Storms ,Severe Storm,1159,28,2002,11,09,2002,11,11,2002-11-09,2002-11-11
98,U.S. Drought ,Drought,14861,0,2002,03,01,2002,11,30,2002-03-01,2002-11-30
99,Western Fire Season ,Wildfire,2130,21,2002,09,01,2002,11,30,2002-09-01,2002-11-30
100,Severe Storms/Hail ,Severe Storm,3190,3,2003,04,04,2003,04,07,2003-04-04,2003-04-07
101,Severe Storms/Tornadoes ,Severe Storm,6564,51,2003,05,03,2003,05,10,2003-05-03,2003-05-10
102,Midwest/Plains Severe Weather ,Severe Storm,1364,7,2003,07,04,2003,07,09,2003-07-04,2003-07-09
103,Southern Derecho and Eastern Severe Weather ,Severe Storm,1603,7,2003,07,21,2003,07,23,2003-07-21,2003-07-23
104,Hurricane Isabel ,Tropical Cyclone,8665,55,2003,09,18,2003,09,19,2003-09-18,2003-09-19
105,Western/Central Drought/Heat Wave ,Drought,8079,35,2003,03,01,2003,11,30,2003-03-01,2003-11-30
106,California Wildfires ,Wildfire,6147,22,2003,09,01,2003,11,30,2003-09-01,2003-11-30
107,"Severe Storms, Hail, Tornadoes ",Severe Storm,1572,4,2004,05,21,2004,05,27,2004-05-21,2004-05-27
108,Colorado Hail Storms ,Severe Storm,1070,0,2004,06,08,2004,06,09,2004-06-08,2004-06-09
109,Hurricane Charley ,Tropical Cyclone,24639,35,2004,08,13,2004,08,14,2004-08-13,2004-08-14
110,Hurricane Frances ,Tropical Cyclone,15092,48,2004,09,03,2004,09,09,2004-09-03,2004-09-09
111,Hurricane Ivan ,Tropical Cyclone,31571,57,2004,09,12,2004,09,21,2004-09-12,2004-09-21
112,Hurricane Jeanne ,Tropical Cyclone,11545,28,2004,09,15,2004,09,29,2004-09-15,2004-09-29
113,Southeast Severe Weather ,Severe Storm,1306,0,2005,03,24,2005,03,27,2005-03-24,2005-03-27
114,Hurricane Dennis ,Tropical Cyclone,3742,15,2005,07,09,2005,07,11,2005-07-09,2005-07-11
115,Hurricane Katrina ,Tropical Cyclone,186294,1833,2005,08,25,2005,08,30,2005-08-25,2005-08-30
116,Midwest Drought ,Drought,2256,0,2005,03,01,2005,08,31,2005-03-01,2005-08-31
117,Hurricane Rita ,Tropical Cyclone,27195,119,2005,09,20,2005,09,24,2005-09-20,2005-09-24
118,Hurricane Wilma ,Tropical Cyclone,27930,35,2005,10,24,2005,10,24,2005-10-24,2005-10-24
119,Severe Storms and Tornadoes ,Severe Storm,1953,10,2006,03,08,2006,03,13,2006-03-08,2006-03-13
120,Midwest/Southeast Tornadoes ,Severe Storm,2326,10,2006,04,06,2006,04,08,2006-04-06,2006-04-08
121,Midwest Tornadoes ,Severe Storm,3514,27,2006,04,13,2006,04,16,2006-04-13,2006-04-16
122,Northeast Flooding ,Flooding,2191,20,2006,06,25,2006,06,28,2006-06-25,2006-06-28
123,North Central Severe Weather and Tornadoes ,Severe Storm,1086,1,2006,08,23,2006,08,24,2006-08-23,2006-08-24
124,Midwest/Plains/Southeast Drought ,Drought,8817,0,2006,03,01,2006,08,31,2006-03-01,2006-08-31
125,Central Severe Weather ,Severe Storm,1275,1,2006,10,02,2006,10,05,2006-10-02,2006-10-05
126,Numerous Wildfires ,Wildfire,2157,28,2006,01,01,2006,12,31,2006-01-01,2006-12-31
127,California Freeze ,Freeze,2016,1,2007,01,11,2007,01,17,2007-01-11,2007-01-17
128,Spring Freeze ,Freeze,2944,0,2007,04,04,2007,04,10,2007-04-04,2007-04-10
129,East/South Severe Weather and Flooding ,Severe Storm,3536,9,2007,04,13,2007,04,17,2007-04-13,2007-04-17
130,Western Wildfires ,Wildfire,3838,12,2007,06,01,2007,08,31,2007-06-01,2007-08-31
131,Western/Eastern Drought/Heat Wave ,Drought,5095,15,2007,06,01,2007,11,30,2007-06-01,2007-11-30
132,"Western, Central and Northeast Severe Weather ",Severe Storm,1355,12,2008,01,04,2008,01,09,2008-01-04,2008-01-09
133,Southeast Tornadoes and Severe Weather ,Severe Storm,1672,57,2008,02,05,2008,02,06,2008-02-05,2008-02-06
134,Southeast Tornadoes ,Severe Storm,1550,5,2008,03,14,2008,03,15,2008-03-14,2008-03-15
135,Southern Severe Weather ,Severe Storm,1414,2,2008,04,09,2008,04,11,2008-04-09,2008-04-11
136,Midwest Tornadoes and Severe Weather ,Severe Storm,4090,13,2008,05,22,2008,05,27,2008-05-22,2008-05-27
137,Midwest/Mid-Atlantic Severe Weather ,Severe Storm,2192,18,2008,06,06,2008,06,12,2008-06-06,2008-06-12
138,Midwest Flooding ,Flooding,13743,24,2008,04,01,2008,06,30,2008-04-01,2008-06-30
139,Hurricane Dolly ,Tropical Cyclone,1686,3,2008,07,23,2008,07,25,2008-07-23,2008-07-25
140,Hurricane Gustav ,Tropical Cyclone,7976,53,2008,08,31,2008,09,03,2008-08-31,2008-09-03
141,Hurricane Ike ,Tropical Cyclone,40198,112,2008,09,12,2008,09,14,2008-09-12,2008-09-14
142,U.S. Wildfires ,Wildfire,1654,16,2008,09,01,2008,11,30,2008-09-01,2008-11-30
143,U.S. Drought ,Drought,9674,0,2008,01,01,2008,12,31,2008-01-01,2008-12-31
144,Southeast/Ohio Valley Severe Weather ,Severe Storm,2401,10,2009,02,10,2009,02,11,2009-02-10,2009-02-11
145,Midwest/Southeast Tornadoes ,Severe Storm,2248,0,2009,03,25,2009,03,28,2009-03-25,2009-03-28
146,South/Southeast Severe Weather and Tornadoes ,Severe Storm,1959,6,2009,04,09,2009,04,10,2009-04-09,2009-04-10
147,Central Derecho and Tornadoes ,Severe Storm,1180,7,2009,05,07,2009,05,09,2009-05-07,2009-05-09
148,"Midwest, South and East Severe Weather ",Severe Storm,1806,0,2009,06,09,2009,06,12,2009-06-09,2009-06-12
149,Colorado Hail Storm ,Severe Storm,1360,0,2009,07,20,2009,07,20,2009-07-20,2009-07-20
150,Georgia Flooding ,Flooding,1213,10,2009,09,19,2009,09,22,2009-09-19,2009-09-22
151,Western Wildfires ,Wildfire,1376,10,2009,06,01,2009,11,30,2009-06-01,2009-11-30
152,Southwest/Great Plains Drought ,Drought,4819,0,2009,01,01,2009,12,31,2009-01-01,2009-12-31
153,Northeast Winter Storm ,Winter Storm,1103,3,2010,02,09,2010,02,11,2010-02-09,2010-02-11
154,Northeast Flooding ,Flooding,2490,11,2010,03,01,2010,03,31,2010-03-01,2010-03-31
155,East/South Flooding and Severe Weather ,Flooding,3060,32,2010,04,30,2010,05,02,2010-04-30,2010-05-02
156,"Oklahoma, Kansas, and Texas Tornadoes and Severe Weather ",Severe Storm,4467,3,2010,05,10,2010,05,12,2010-05-10,2010-05-12
157,Rockies/Central/East Severe Weather ,Severe Storm,1207,2,2010,06,10,2010,06,15,2010-06-10,2010-06-15
158,Midwest/Northeast Severe Storms and Flooding ,Severe Storm,1271,0,2010,07,20,2010,07,23,2010-07-20,2010-07-23
159,Arizona Severe Weather ,Severe Storm,5092,0,2010,10,05,2010,10,06,2010-10-05,2010-10-06
160,Groundhog Day Blizzard ,Winter Storm,2386,36,2011,02,01,2011,02,03,2011-02-01,2011-02-03
161,Midwest/Southeast Tornadoes and Derecho ,Severe Storm,3608,9,2011,04,04,2011,04,05,2011-04-04,2011-04-05
162,Southeast/Midwest Tornadoes ,Severe Storm,2833,0,2011,04,08,2011,04,11,2011-04-08,2011-04-11
163,Midwest/Southeast Tornadoes ,Severe Storm,2677,38,2011,04,14,2011,04,16,2011-04-14,2011-04-16
164,Ohio Valley Derecho and Southern Tornadoes ,Severe Storm,1349,0,2011,04,19,2011,04,20,2011-04-19,2011-04-20
165,Southeast/Ohio Valley/Midwest Tornadoes ,Severe Storm,13288,321,2011,04,25,2011,04,28,2011-04-25,2011-04-28
166,Midwest/Southeast Tornadoes ,Severe Storm,11735,177,2011,05,22,2011,05,27,2011-05-22,2011-05-27
167,Mississippi River flooding ,Flooding,3972,7,2011,04,01,2011,05,31,2011-04-01,2011-05-31
168,Midwest/Southeast Tornadoes and Severe Weather ,Severe Storm,1983,3,2011,06,18,2011,06,22,2011-06-18,2011-06-22
169,Missouri River flooding ,Flooding,2663,5,2011,05,01,2011,06,30,2011-05-01,2011-06-30
170,North Central Severe Weather ,Severe Storm,1146,0,2011,07,01,2011,07,01,2011-07-01,2011-07-01
171,Rockies and Midwest Derecho ,Severe Storm,1593,2,2011,07,10,2011,07,11,2011-07-10,2011-07-11
172,Midwest/Southeast Severe Weather ,Severe Storm,1485,0,2011,08,17,2011,08,18,2011-08-17,2011-08-18
173,Hurricane Irene ,Tropical Cyclone,17407,45,2011,08,26,2011,08,28,2011-08-26,2011-08-28
174,Southern Plains/Southwest Drought and Heat Wave ,Drought,15913,95,2011,03,01,2011,08,31,2011-03-01,2011-08-31
175,Tropical Storm Lee ,Tropical Cyclone,3241,21,2011,09,01,2011,09,05,2011-09-01,2011-09-05
176,Northeastern Winter Storm ,Winter Storm,1193,1,2011,10,29,2011,10,30,2011-10-29,2011-10-30
177,"Texas, New Mexico, Arizona Wildfires ",Wildfire,2349,5,2011,06,01,2011,11,30,2011-06-01,2011-11-30
178,Southeast/Ohio Valley Tornadoes ,Severe Storm,3974,42,2012,03,02,2012,03,03,2012-03-02,2012-03-03
179,Texas Tornadoes ,Severe Storm,1289,0,2012,04,02,2012,04,03,2012-04-02,2012-04-03
180,Midwest Tornadoes ,Severe Storm,1427,6,2012,04,13,2012,04,14,2012-04-13,2012-04-14
181,Midwest/Ohio Valley Severe Weather ,Severe Storm,4161,1,2012,04,28,2012,05,01,2012-04-28,2012-05-01
182,Southern Plains/Midwest/Northeast Severe Weather ,Severe Storm,2926,1,2012,05,25,2012,05,30,2012-05-25,2012-05-30
183,Rockies/Southwest Severe Weather ,Severe Storm,3299,0,2012,06,06,2012,06,12,2012-06-06,2012-06-12
184,Plains/East/Northeast Derecho ,Severe Storm,3668,28,2012,06,29,2012,07,02,2012-06-29,2012-07-02
185,Hurricane Isaac ,Tropical Cyclone,3510,9,2012,08,26,2012,08,31,2012-08-26,2012-08-31
186,Hurricane Sandy ,Tropical Cyclone,81950,159,2012,10,30,2012,10,31,2012-10-30,2012-10-31
187,Western Wildfires ,Wildfire,2208,8,2012,06,01,2012,11,30,2012-06-01,2012-11-30
188,U.S. Drought/Heat Wave ,Drought,38704,123,2012,01,01,2012,12,31,2012-01-01,2012-12-31
189,Southern Severe Weather ,Severe Storm,1162,1,2013,02,24,2013,02,25,2013-02-24,2013-02-25
190,Southeast Severe Weather ,Severe Storm,2545,1,2013,03,18,2013,03,18,2013-03-18,2013-03-18
191,Midwest/Plains Severe Weather ,Severe Storm,1819,1,2013,04,07,2013,04,11,2013-04-07,2013-04-11
192,Illinois Flooding and Severe Weather ,Flooding,1357,4,2013,04,16,2013,04,19,2013-04-16,2013-04-19
193,Midwest/Plains/East Tornadoes ,Severe Storm,3000,27,2013,05,18,2013,05,22,2013-05-18,2013-05-22
194,Midwest/Plains/Northeast Tornadoes ,Severe Storm,2267,10,2013,05,27,2013,05,31,2013-05-27,2013-05-31
195,Midwest Severe Weather ,Severe Storm,1302,0,2013,08,06,2013,08,07,2013-08-06,2013-08-07
196,Colorado Flooding ,Flooding,1886,9,2013,09,10,2013,09,16,2013-09-10,2013-09-16
197,Ohio Valley Tornadoes ,Severe Storm,1363,8,2013,11,17,2013,11,17,2013-11-17,2013-11-17
198,Western/Plains Drought/Heat Wave ,Drought,13241,53,2013,03,01,2013,11,30,2013-03-01,2013-11-30
199,Midwest/Southeast/Northeast Winter Storm ,Winter Storm,2716,16,2014,01,05,2014,01,08,2014-01-05,2014-01-08
200,Plains Severe Weather ,Severe Storm,1766,0,2014,04,02,2014,04,03,2014-04-02,2014-04-03
201,Central Severe Weather ,Severe Storm,1129,0,2014,04,12,2014,04,13,2014-04-12,2014-04-13
202,Midwest/Southeast/Northeast Tornadoes and Flooding ,Severe Storm,2136,33,2014,04,27,2014,05,01,2014-04-27,2014-05-01
203,Rockies/Midwest/Eastern Severe Weather ,Severe Storm,4567,0,2014,05,18,2014,05,23,2014-05-18,2014-05-23
204,Rockies/Central Plains Severe Weather ,Severe Storm,2361,2,2014,06,03,2014,06,05,2014-06-03,2014-06-05
205,Michigan and Northeast Flooding ,Flooding,1269,2,2014,08,11,2014,08,13,2014-08-11,2014-08-13
206,Rockies/Plains Severe Weather ,Severe Storm,1722,0,2014,09,29,2014,10,02,2014-09-29,2014-10-02
207,Western Drought ,Drought,4940,0,2014,01,01,2014,12,31,2014-01-01,2014-12-31
208,"Central and Eastern Winter storm, Cold Wave ",Winter Storm,3703,30,2015,02,14,2015,02,20,2015-02-14,2015-02-20
209,Midwest/Ohio Valley Severe Weather ,Severe Storm,1929,2,2015,04,07,2015,04,09,2015-04-07,2015-04-09
210,South/Southeast Severe Weather ,Severe Storm,1592,0,2015,04,18,2015,04,20,2015-04-18,2015-04-20
211,South and Southeast Severe Weather ,Severe Storm,1171,3,2015,04,24,2015,04,25,2015-04-24,2015-04-25
212,Southern Plains Tornadoes ,Severe Storm,1565,4,2015,05,06,2015,05,10,2015-05-06,2015-05-10
213,Texas and Oklahoma Flooding and Severe Weather ,Flooding,3126,31,2015,05,23,2015,05,26,2015-05-23,2015-05-26
214,Central and Northeast Severe Weather ,Severe Storm,1430,1,2015,06,21,2015,06,25,2015-06-21,2015-06-25
215,South Carolina and East Coast Flooding ,Flooding,2458,25,2015,10,01,2015,10,05,2015-10-01,2015-10-05
216,Western and Alaskan Wildfires ,Wildfire,3694,12,2015,06,01,2015,11,30,2015-06-01,2015-11-30
217,Texas Tornadoes and Midwest Flooding ,Severe Storm,2433,50,2015,12,26,2015,12,29,2015-12-26,2015-12-29
218,Western Drought ,Drought,5583,0,2015,01,01,2015,12,31,2015-01-01,2015-12-31
219,Southeast and Eastern Tornadoes ,Severe Storm,1279,10,2016,02,22,2016,02,24,2016-02-22,2016-02-24
220,Texas and Louisiana Flooding ,Flooding,2823,5,2016,03,08,2016,03,12,2016-03-08,2016-03-12
221,Southern Severe Weather ,Severe Storm,1489,1,2016,03,17,2016,03,18,2016-03-17,2016-03-18
222,North Texas Hail Storm ,Severe Storm,2540,0,2016,03,23,2016,03,24,2016-03-23,2016-03-24
223,North/Central Texas Hail Storm ,Severe Storm,4268,0,2016,04,10,2016,04,12,2016-04-10,2016-04-12
224,Houston Flooding ,Flooding,3292,8,2016,04,17,2016,04,18,2016-04-17,2016-04-18
225,South/Southeast Tornadoes ,Severe Storm,2921,6,2016,04,26,2016,05,02,2016-04-26,2016-05-02
226,Plains Tornadoes and Central Severe Weather ,Severe Storm,2098,2,2016,05,08,2016,05,11,2016-05-08,2016-05-11
227,Rockies/Central Tornadoes and Severe Weather ,Severe Storm,1398,0,2016,05,21,2016,05,26,2016-05-21,2016-05-26
228,West Virginia Flooding and Ohio Valley Tornadoes ,Flooding,1192,23,2016,06,22,2016,06,24,2016-06-22,2016-06-24
229,Rockies and Northeast Severe Weather ,Severe Storm,1773,0,2016,07,28,2016,07,30,2016-07-28,2016-07-30
230,Louisiana Flooding ,Flooding,12300,13,2016,08,12,2016,08,15,2016-08-12,2016-08-15
231,Hurricane Matthew ,Tropical Cyclone,12100,49,2016,10,08,2016,10,12,2016-10-08,2016-10-12
232,West/Northeast/Southeast Drought ,Drought,4236,0,2016,01,01,2016,12,31,2016-01-01,2016-12-31
233,Western/Southeast Wildfires ,Wildfire,2898,21,2016,06,01,2016,12,31,2016-06-01,2016-12-31
234,Southern Tornado Outbreak and Western Storms ,Severe Storm,1326,24,2017,01,20,2017,01,22,2017-01-20,2017-01-22
235,California Flooding ,Flooding,1800,5,2017,02,08,2017,02,22,2017-02-08,2017-02-22
236,Central/Southeast Tornado Outbreak ,Severe Storm,2167,6,2017,02,28,2017,03,01,2017-02-28,2017-03-01
237,Midwest Tornado Outbreak ,Severe Storm,2611,2,2017,03,06,2017,03,08,2017-03-06,2017-03-08
238,Southeast Freeze ,Freeze,1200,0,2017,03,14,2017,03,16,2017-03-14,2017-03-16
239,South/Southeast Severe Weather ,Severe Storm,3234,0,2017,03,26,2017,03,28,2017-03-26,2017-03-28
240,Southeast Severe Weather and Tornadoes ,Severe Storm,1171,1,2017,04,04,2017,04,06,2017-04-04,2017-04-06
241,Missouri and Arkansas Flooding and Central Severe Weather ,Flooding,1991,20,2017,04,25,2017,05,07,2017-04-25,2017-05-07
242,Colorado Hail Storm and Central Severe Weather ,Severe Storm,3986,0,2017,05,08,2017,05,11,2017-05-08,2017-05-11
243,North Central Severe Weather and Tornadoes ,Severe Storm,1120,1,2017,05,15,2017,05,18,2017-05-15,2017-05-18
244,Minnesota Hail Storm and Upper Midwest Severe Weather ,Severe Storm,2796,0,2017,06,09,2017,06,11,2017-06-09,2017-06-11
245,Midwest Severe Weather ,Severe Storm,1796,0,2017,06,12,2017,06,16,2017-06-12,2017-06-16
246,Midwest Severe Weather ,Severe Storm,1696,0,2017,06,27,2017,06,29,2017-06-27,2017-06-29
247,Hurricane Harvey ,Tropical Cyclone,148750,89,2017,08,25,2017,08,31,2017-08-25,2017-08-31
248,Hurricane Irma ,Tropical Cyclone,59500,97,2017,09,06,2017,09,12,2017-09-06,2017-09-12
249,Hurricane Maria ,Tropical Cyclone,107100,2981,2017,09,19,2017,09,21,2017-09-19,2017-09-21
250,"Western Wildfires, California Firestorm ",Wildfire,21426,54,2017,06,01,2017,12,31,2017-06-01,2017-12-31
251,"North Dakota, South Dakota and Montana Drought ",Drought,3000,0,2017,03,01,2017,12,31,2017-03-01,2017-12-31
252,Central and Eastern Winter Storm ,Winter Storm,1231,22,2018,01,03,2018,01,05,2018-01-03,2018-01-05
253,Northeast Winter Storm ,Winter Storm,2567,9,2018,03,01,2018,03,03,2018-03-01,2018-03-03
254,Southeastern Tornadoes and Severe Weather ,Severe Storm,1699,0,2018,03,18,2018,03,21,2018-03-18,2018-03-21
255,Southern and Eastern Tornadoes and Severe Weather ,Severe Storm,1542,3,2018,04,13,2018,04,16,2018-04-13,2018-04-16
256,Central and Northeastern Severe Weather ,Severe Storm,1627,0,2018,05,01,2018,05,04,2018-05-01,2018-05-04
257,Central and Eastern Severe Weather ,Severe Storm,1603,5,2018,05,13,2018,05,15,2018-05-13,2018-05-15
258,Texas Hail Storm ,Severe Storm,1508,0,2018,06,06,2018,06,06,2018-06-06,2018-06-06
259,Colorado Hail Storm ,Severe Storm,1108,0,2018,06,13,2018,06,13,2018-06-13,2018-06-13
260,Colorado Hail Storm ,Severe Storm,2579,0,2018,06,18,2018,06,19,2018-06-18,2018-06-19
261,Central and Eastern Tornadoes and Severe Weather ,Severe Storm,1839,0,2018,07,19,2018,07,22,2018-07-19,2018-07-22
262,Rockies and Plains Hail Storms ,Severe Storm,1189,0,2018,08,06,2018,08,07,2018-08-06,2018-08-07
263,Hurricane Florence ,Tropical Cyclone,27840,53,2018,09,13,2018,09,16,2018-09-13,2018-09-16
264,Hurricane Michael ,Tropical Cyclone,28971,49,2018,10,10,2018,10,11,2018-10-10,2018-10-11
265,Southwest/Southern Plains Drought ,Drought,3528,0,2018,06,01,2018,12,30,2018-06-01,2018-12-30
266,"Western Wildfires, California Firestorm ",Wildfire,27840,106,2018,06,01,2018,12,31,2018-06-01,2018-12-31
267,"Southeast, Ohio Valley and Northeast Severe Weather ",Severe Storm,1436,2,2019,02,23,2019,02,25,2019-02-23,2019-02-25
268,Texas Hail Storm ,Severe Storm,1765,0,2019,03,22,2019,03,24,2019-03-22,2019-03-24
269,Missouri River and North Central Flooding ,Flooding,12443,3,2019,03,14,2019,03,31,2019-03-14,2019-03-31
270,Southern and Eastern Tornadoes and Severe Weather ,Severe Storm,1427,7,2019,04,13,2019,04,14,2019-04-13,2019-04-14
271,South and Southeast Severe Weather ,Severe Storm,1726,0,2019,05,07,2019,05,13,2019-05-07,2019-05-13
272,Central Severe Weather ,Severe Storm,1109,0,2019,05,16,2019,05,18,2019-05-16,2019-05-18
273,"Rockies, Central and Northeast Tornadoes and Severe Weather ",Severe Storm,5128,3,2019,05,26,2019,05,29,2019-05-26,2019-05-29
274,Arkansas River Flooding ,Flooding,3448,5,2019,05,20,2019,06,14,2019-05-20,2019-06-14
275,Colorado Hail Storms ,Severe Storm,1149,0,2019,07,04,2019,07,05,2019-07-04,2019-07-05
276,"Mississippi River, Midwest and Southern Flooding ",Flooding,7095,4,2019,03,15,2019,07,31,2019-03-15,2019-07-31
277,Hurricane Dorian ,Tropical Cyclone,1835,10,2019,08,28,2019,09,06,2019-08-28,2019-09-06
278,Tropical Storm Imelda ,Tropical Cyclone,5700,5,2019,09,17,2019,09,21,2019-09-17,2019-09-21
279,Texas Tornadoes and Central Severe Weather ,Severe Storm,1958,2,2019,10,20,2019,10,20,2019-10-20,2019-10-20
280,California and Alaska Wildfires ,Wildfire,5130,3,2019,06,01,2019,11,30,2019-06-01,2019-11-30
281,Southeast Tornadoes and Northern Storms and Flooding ,Severe Storm,1299,10,2020,01,10,2020,01,12,2020-01-10,2020-01-12
282,"South, East and Northeast Severe Weather ",Severe Storm,1420,3,2020,02,05,2020,02,07,2020-02-05,2020-02-07
283,Tennessee Tornadoes and Southeast Severe Weather ,Severe Storm,2640,25,2020,03,02,2020,03,04,2020-03-02,2020-03-04
284,Midwest and Ohio Valley Severe Weather ,Severe Storm,2891,0,2020,03,27,2020,03,28,2020-03-27,2020-03-28
285,North Central and Ohio Valley Hail Storms and Severe Weather ,Severe Storm,3284,0,2020,04,07,2020,04,08,2020-04-07,2020-04-08
286,Southeast and Eastern Tornado Outbreak ,Severe Storm,3926,35,2020,04,12,2020,04,13,2020-04-12,2020-04-13
287,Southern Severe Weather ,Severe Storm,1539,3,2020,04,21,2020,04,23,2020-04-21,2020-04-23
288,"Central, Southern and Eastern Severe Weather ",Severe Storm,1171,1,2020,04,27,2020,04,30,2020-04-27,2020-04-30
289,Central and Eastern Severe Weather ,Severe Storm,2409,2,2020,05,03,2020,05,05,2020-05-03,2020-05-05
290,"South, Central and Eastern Severe Weather ",Severe Storm,1806,2,2020,05,20,2020,05,23,2020-05-20,2020-05-23
291,South Texas Hail Storms ,Severe Storm,1596,0,2020,05,27,2020,05,27,2020-05-27,2020-05-27
292,Central Severe Weather ,Severe Storm,1352,0,2020,07,10,2020,07,11,2020-07-10,2020-07-11
293,Hurricane Hanna ,Tropical Cyclone,1204,0,2020,07,25,2020,07,26,2020-07-25,2020-07-26
294,Hurricane Isaias ,Tropical Cyclone,5328,16,2020,08,03,2020,08,04,2020-08-03,2020-08-04
295,Central Severe Weather - Derecho ,Severe Storm,12461,4,2020,08,10,2020,08,10,2020-08-10,2020-08-10
296,Hurricane Laura ,Tropical Cyclone,26001,42,2020,08,27,2020,08,28,2020-08-27,2020-08-28
297,Hurricane Sally ,Tropical Cyclone,8147,5,2020,09,15,2020,09,17,2020-09-15,2020-09-17
298,Hurricane Delta ,Tropical Cyclone,3211,5,2020,10,09,2020,10,11,2020-10-09,2020-10-11
299,Hurricane Zeta ,Tropical Cyclone,4874,6,2020,10,28,2020,10,29,2020-10-28,2020-10-29
300,Tropical Storm Eta ,Tropical Cyclone,1635,12,2020,11,08,2020,11,12,2020-11-08,2020-11-12
301,"Western Wildfires - California, Oregon, Washington Firestorms ",Wildfire,18424,46,2020,08,01,2020,12,30,2020-08-01,2020-12-30
302,Western/Central Drought and Heat Wave ,Drought,5034,45,2020,06,01,2020,12,30,2020-06-01,2020-12-30
303,California Flooding and Severe Weather ,Flooding,1226,2,2021,01,24,2021,01,29,2021-01-24,2021-01-29
304,"Northwest, Central, Eastern Winter Storm and Cold Wave ",Winter Storm,25182,262,2021,02,10,2021,02,19,2021-02-10,2021-02-19
305,Southeast Tornadoes and Severe Weather ,Severe Storm,1845,6,2021,03,24,2021,03,25,2021-03-24,2021-03-25
306,Eastern Severe Weather ,Severe Storm,1481,8,2021,03,27,2021,03,28,2021-03-27,2021-03-28
307,Texas Hail Storms ,Severe Storm,1622,0,2021,04,12,2021,04,15,2021-04-12,2021-04-15
308,Texas and Oklahoma Severe Weather ,Severe Storm,3464,0,2021,04,27,2021,04,28,2021-04-27,2021-04-28
309,Southern Tornadoes and Southeast Severe Weather ,Severe Storm,1378,4,2021,05,02,2021,05,04,2021-05-02,2021-05-04
310,Louisiana Flooding ,Flooding,1451,5,2021,05,17,2021,05,18,2021-05-17,2021-05-18
311,Ohio Valley Hail Storms ,Severe Storm,1844,0,2021,06,17,2021,06,18,2021-06-17,2021-06-18
312,Central Severe Storms ,Severe Storm,1353,0,2021,06,24,2021,06,26,2021-06-24,2021-06-26
313,Tropical Storm Elsa ,Tropical Cyclone,1298,1,2021,07,07,2021,07,09,2021-07-07,2021-07-09
314,Central Severe Storms ,Severe Storm,1156,0,2021,07,08,2021,07,11,2021-07-08,2021-07-11
315,North Central Severe Weather ,Severe Storm,1374,2,2021,08,10,2021,08,13,2021-08-10,2021-08-13
316,Tropical Storm Fred ,Tropical Cyclone,1367,7,2021,08,16,2021,08,18,2021-08-16,2021-08-18
317,Hurricane Ida ,Tropical Cyclone,78722,96,2021,08,29,2021,09,01,2021-08-29,2021-09-01
318,Hurricane Nicholas ,Tropical Cyclone,1087,0,2021,09,14,2021,09,18,2021-09-14,2021-09-18
319,"Southeast, Central Tornado Outbreak ",Severe Storm,4111,93,2021,12,10,2021,12,10,2021-12-10,2021-12-10
320,Midwest Derecho and Tornado Outbreak ,Severe Storm,1871,1,2021,12,15,2021,12,15,2021-12-15,2021-12-15
321,Western Drought and Heat Wave ,Drought,9443,229,2021,01,01,2021,12,31,2021-01-01,2021-12-31
322,Western Wildfires ,Wildfire,11232,8,2021,06,01,2021,12,31,2021-06-01,2021-12-31
323,Southern Tornado Outbreak ,Severe Storm,1281,2,2022,03,30,2022,03,30,2022-03-30,2022-03-30
324,Southeastern Tornado Outbreak ,Severe Storm,1409,3,2022,04,04,2022,04,06,2022-04-04,2022-04-06
325,Southern Severe Weather ,Severe Storm,2678,1,2022,04,11,2022,04,13,2022-04-11,2022-04-13
326,Southern and Central Severe Weather ,Severe Storm,1139,1,2022,05,01,2022,05,03,2022-05-01,2022-05-03
327,North Central Hail Storms ,Severe Storm,1929,0,2022,05,09,2022,05,09,2022-05-09,2022-05-09
328,North Central Severe Weather ,Severe Storm,2589,1,2022,05,11,2022,05,12,2022-05-11,2022-05-12
329,North Central Hail Storms ,Severe Storm,1839,0,2022,05,19,2022,05,19,2022-05-19,2022-05-19
330,Central Severe Weather ,Severe Storm,1837,0,2022,06,07,2022,06,08,2022-06-07,2022-06-08
331,Central Derecho ,Severe Storm,2936,1,2022,06,13,2022,06,13,2022-06-13,2022-06-13
332,North Central and Eastern Severe Weather ,Severe Storm,1294,1,2022,07,22,2022,07,24,2022-07-22,2022-07-24
333,Kentucky and Missouri Flooding ,Flooding,1195,42,2022,07,26,2022,07,28,2022-07-26,2022-07-28
334,Western/Southern Plains Drought and Heat Wave ,Drought,9327,117,2022,01,01,2022,09,30,2022-01-01,2022-09-30
